region,fiscal_year,period_type,indicator_id,program,category,stage,value,currency,original_unit,scope,included_in_total,source_id,source_locator,verification,program_zh,scope_zh
HK,2017/18,fiscal_year,hk_ha_mh_expenditure,Hospital Authority mental health services,inpatient,actual_expenditure,2577,HKD,HKD million,Hospital Authority only,no,legco_fc_hhb_2022,"S-FHB(H)001, FHB(H) p.3",primary_document_read,Hospital Authority mental health services,只計醫管局
HK,2017/18,fiscal_year,hk_ha_mh_expenditure,Hospital Authority mental health services,outpatient,actual_expenditure,1249,HKD,HKD million,Hospital Authority only,no,legco_fc_hhb_2022,"S-FHB(H)001, FHB(H) p.3",primary_document_read,Hospital Authority mental health services,只計醫管局
HK,2017/18,fiscal_year,hk_ha_mh_expenditure,Hospital Authority mental health services,community_outreach,actual_expenditure,621,HKD,HKD million,Hospital Authority only,no,legco_fc_hhb_2022,"S-FHB(H)001, FHB(H) p.3",primary_document_read,Hospital Authority mental health services,只計醫管局
HK,2017/18,fiscal_year,hk_ha_mh_expenditure,Hospital Authority mental health services,day_hospital,actual_expenditure,309,HKD,HKD million,Hospital Authority only,no,legco_fc_hhb_2022,"S-FHB(H)001, FHB(H) p.3",primary_document_read,Hospital Authority mental health services,只計醫管局
HK,2017/18,fiscal_year,hk_ha_mh_expenditure,Hospital Authority mental health services,total,actual_expenditure,4756,HKD,HKD million,Hospital Authority only,yes,legco_fc_hhb_2022,"S-FHB(H)001, FHB(H) p.3",primary_document_read,Hospital Authority mental health services,只計醫管局
HK,2018/19,fiscal_year,hk_ha_mh_expenditure,Hospital Authority mental health services,inpatient,actual_expenditure,2712,HKD,HKD million,Hospital Authority only,no,legco_fc_hhb_2022,"S-FHB(H)001, FHB(H) p.3",primary_document_read,Hospital Authority mental health services,只計醫管局
HK,2018/19,fiscal_year,hk_ha_mh_expenditure,Hospital Authority mental health services,outpatient,actual_expenditure,1356,HKD,HKD million,Hospital Authority only,no,legco_fc_hhb_2022,"S-FHB(H)001, FHB(H) p.3",primary_document_read,Hospital Authority mental health services,只計醫管局
HK,2018/19,fiscal_year,hk_ha_mh_expenditure,Hospital Authority mental health services,community_outreach,actual_expenditure,671,HKD,HKD million,Hospital Authority only,no,legco_fc_hhb_2022,"S-FHB(H)001, FHB(H) p.3",primary_document_read,Hospital Authority mental health services,只計醫管局
HK,2018/19,fiscal_year,hk_ha_mh_expenditure,Hospital Authority mental health services,day_hospital,actual_expenditure,312,HKD,HKD million,Hospital Authority only,no,legco_fc_hhb_2022,"S-FHB(H)001, FHB(H) p.3",primary_document_read,Hospital Authority mental health services,只計醫管局
HK,2018/19,fiscal_year,hk_ha_mh_expenditure,Hospital Authority mental health services,total,actual_expenditure,5051,HKD,HKD million,Hospital Authority only,yes,legco_fc_hhb_2022,"S-FHB(H)001, FHB(H) p.3",primary_document_read,Hospital Authority mental health services,只計醫管局
HK,2019/20,fiscal_year,hk_ha_mh_expenditure,Hospital Authority mental health services,inpatient,actual_expenditure,2923,HKD,HKD million,Hospital Authority only,no,legco_fc_hhb_2022,"S-FHB(H)001, FHB(H) p.3",primary_document_read,Hospital Authority mental health services,只計醫管局
HK,2019/20,fiscal_year,hk_ha_mh_expenditure,Hospital Authority mental health services,outpatient,actual_expenditure,1483,HKD,HKD million,Hospital Authority only,no,legco_fc_hhb_2022,"S-FHB(H)001, FHB(H) p.3",primary_document_read,Hospital Authority mental health services,只計醫管局
HK,2019/20,fiscal_year,hk_ha_mh_expenditure,Hospital Authority mental health services,community_outreach,actual_expenditure,697,HKD,HKD million,Hospital Authority only,no,legco_fc_hhb_2022,"S-FHB(H)001, FHB(H) p.3",primary_document_read,Hospital Authority mental health services,只計醫管局
HK,2019/20,fiscal_year,hk_ha_mh_expenditure,Hospital Authority mental health services,day_hospital,actual_expenditure,305,HKD,HKD million,Hospital Authority only,no,legco_fc_hhb_2022,"S-FHB(H)001, FHB(H) p.3",primary_document_read,Hospital Authority mental health services,只計醫管局
HK,2019/20,fiscal_year,hk_ha_mh_expenditure,Hospital Authority mental health services,total,actual_expenditure,5408,HKD,HKD million,Hospital Authority only,yes,legco_fc_hhb_2022,"S-FHB(H)001, FHB(H) p.3",primary_document_read,Hospital Authority mental health services,只計醫管局
HK,2020/21,fiscal_year,hk_ha_mh_expenditure,Hospital Authority mental health services,inpatient,actual_expenditure,3191,HKD,HKD million,Hospital Authority only,no,legco_fc_hhb_2022,"S-FHB(H)001, FHB(H) p.3",primary_document_read,Hospital Authority mental health services,只計醫管局
HK,2020/21,fiscal_year,hk_ha_mh_expenditure,Hospital Authority mental health services,outpatient,actual_expenditure,1621,HKD,HKD million,Hospital Authority only,no,legco_fc_hhb_2022,"S-FHB(H)001, FHB(H) p.3",primary_document_read,Hospital Authority mental health services,只計醫管局
HK,2020/21,fiscal_year,hk_ha_mh_expenditure,Hospital Authority mental health services,community_outreach,actual_expenditure,685,HKD,HKD million,Hospital Authority only,no,legco_fc_hhb_2022,"S-FHB(H)001, FHB(H) p.3",primary_document_read,Hospital Authority mental health services,只計醫管局
HK,2020/21,fiscal_year,hk_ha_mh_expenditure,Hospital Authority mental health services,day_hospital,actual_expenditure,175,HKD,HKD million,Hospital Authority only,no,legco_fc_hhb_2022,"S-FHB(H)001, FHB(H) p.3",primary_document_read,Hospital Authority mental health services,只計醫管局
HK,2020/21,fiscal_year,hk_ha_mh_expenditure,Hospital Authority mental health services,total,actual_expenditure,5672,HKD,HKD million,Hospital Authority only,yes,legco_fc_hhb_2022,"S-FHB(H)001, FHB(H) p.3",primary_document_read,Hospital Authority mental health services,只計醫管局
HK,2021/22,fiscal_year,hk_ha_mh_expenditure,Hospital Authority mental health services,inpatient,revised_estimate,3255,HKD,HKD million,Hospital Authority only,no,legco_fc_hhb_2022,"S-FHB(H)001, FHB(H) p.3",primary_document_read,Hospital Authority mental health services,只計醫管局
HK,2021/22,fiscal_year,hk_ha_mh_expenditure,Hospital Authority mental health services,outpatient,revised_estimate,1655,HKD,HKD million,Hospital Authority only,no,legco_fc_hhb_2022,"S-FHB(H)001, FHB(H) p.3",primary_document_read,Hospital Authority mental health services,只計醫管局
HK,2021/22,fiscal_year,hk_ha_mh_expenditure,Hospital Authority mental health services,community_outreach,revised_estimate,722,HKD,HKD million,Hospital Authority only,no,legco_fc_hhb_2022,"S-FHB(H)001, FHB(H) p.3",primary_document_read,Hospital Authority mental health services,只計醫管局
HK,2021/22,fiscal_year,hk_ha_mh_expenditure,Hospital Authority mental health services,day_hospital,revised_estimate,195,HKD,HKD million,Hospital Authority only,no,legco_fc_hhb_2022,"S-FHB(H)001, FHB(H) p.3",primary_document_read,Hospital Authority mental health services,只計醫管局
HK,2021/22,fiscal_year,hk_ha_mh_expenditure,Hospital Authority mental health services,total,revised_estimate,5827,HKD,HKD million,Hospital Authority only,yes,legco_fc_hhb_2022,"S-FHB(H)001, FHB(H) p.3",primary_document_read,Hospital Authority mental health services,只計醫管局
TW,2025,calendar_year,tw_resilience_plan_budget,National mental health resilience programme,programme_total,legal_budget_incl_supplementary,871583000,TWD,TWD,Programme only; not total mental health spending,yes,ly_budget_assessment_115,"Legislative Yuan 115 budget assessment, suicide prevention item",primary_document_read,全民心理健康韌性計畫,只計計畫，非精神健康總支出
TW,2025,calendar_year,tw_resilience_plan_budget,Youth and working-age mental health support scheme,programme_total,legal_budget,256889000,TWD,TWD,"Scheme only; parent-child item, check double counting before summing",no,ly_budget_assessment_115,Legislative Yuan 115 budget assessment,primary_document_read,青壯世代心理健康支持方案,只計方案；屬母子項，加總前須核對重複
TW,2026,calendar_year,tw_resilience_plan_budget,National mental health resilience programme,programme_total,proposed_budget,892583000,TWD,TWD,Proposed in Nov 2025; final 2026 figure not yet checked,no,ly_budget_assessment_115,Legislative Yuan 115 budget assessment,primary_document_read,全民心理健康韌性計畫,2025 年 11 月提出；2026 年最終數字未核
TW,2026,calendar_year,tw_resilience_plan_budget,National mental health resilience programme,general_subsidy,proposed_budget,18000000,TWD,TWD,Proposed; a separate line in the budget proposal,no,ly_budget_assessment_115,Legislative Yuan 115 budget assessment,primary_document_read,全民心理健康韌性計畫,擬議；預算案中的獨立項目
TW,2026,calendar_year,tw_resilience_plan_budget,Youth and working-age mental health support scheme,programme_total,proposed_budget,349951000,TWD,TWD,Proposed; not spending,no,ly_budget_assessment_115,Legislative Yuan 115 budget assessment,primary_document_read,青壯世代心理健康支持方案,擬議，非實際支出
TW,2025-2030,plan_period,tw_resilience_plan_budget,National mental health resilience programme,six_year_plan_total,approved_plan_total,5630000000,TWD,TWD,Six-year plan total; do not spread across years as actual spending,no,ey_resilience_plan,Executive Yuan: national mental health resilience programme,primary_document_read,全民心理健康韌性計畫,六年計畫總額；不應平均攤至各年作實際支出
