region,year,indicator_id,status,missing_reason,searched_sources,next_action,owner,last_checked,eligible_for_chart
HK,2016,hk_ha_mh_expenditure,L,Candidate figure only; year stage and scope not confirmed,S02,Read original press release and HHB table; confirm FY16/17 stage,maintainer,2026-10-09,no
HK,2022,hk_ha_mh_expenditure,L,Revised estimate candidate in S03; original table not yet read,S03,Read FHB(H) table in the 2023 reply,maintainer,2026-10-09,no
HK,2023,hk_ha_mh_expenditure,M,FY23/24 not yet located in an original document,"S04,S05",Read the 2024 and 2025 Finance Committee replies,maintainer,2026-10-09,no
HK,2024,hk_ha_mh_expenditure,M,FY24/25 not yet located in an original document,"S04,S05",Read the 2024 and 2025 Finance Committee replies,maintainer,2026-10-09,no
HK,2025,hk_ha_mh_expenditure,M,FY25/26 not yet located in an original document,"S04,S05",Read the 2024 and 2025 Finance Committee replies,maintainer,2026-10-09,no
TW,2016,tw_resilience_plan_budget,M,Plan line and year stage not yet matched to the original budget and final accounts,"S06,S07",Find the budget and final accounts for that year; keep the programme names separate,maintainer,2026-10-09,no
TW,2017,tw_resilience_plan_budget,M,Plan line and year stage not yet matched to the original budget and final accounts,"S06,S07",Find the budget and final accounts for that year; keep the programme names separate,maintainer,2026-10-09,no
TW,2020,tw_resilience_plan_budget,M,Plan line and year stage not yet matched to the original budget and final accounts,"S06,S07",Find the budget and final accounts for that year; keep the programme names separate,maintainer,2026-10-09,no
TW,2021,tw_resilience_plan_budget,M,Plan line and year stage not yet matched to the original budget and final accounts,"S06,S07",Find the budget and final accounts for that year; keep the programme names separate,maintainer,2026-10-09,no
TW,2022,tw_resilience_plan_budget,M,Plan line and year stage not yet matched to the original budget and final accounts,"S06,S07",Find the budget and final accounts for that year; keep the programme names separate,maintainer,2026-10-09,no
TW,2023,tw_resilience_plan_budget,M,Plan line and year stage not yet matched to the original budget and final accounts,"S06,S07",Find the budget and final accounts for that year; keep the programme names separate,maintainer,2026-10-09,no
TW,2024,tw_resilience_plan_budget,M,Plan line and year stage not yet matched to the original budget and final accounts,"S06,S07",Find the budget and final accounts for that year; keep the programme names separate,maintainer,2026-10-09,no
TW,2018,tw_resilience_plan_budget,L,Candidate amount in the 2018 legislative resolution report; not read in the original table,S06,Read the original table before importing,maintainer,2026-10-09,no
TW,2019,tw_resilience_plan_budget,L,Candidate amount in the 2019 report; year stage unconfirmed,S07,Read the original table before importing,maintainer,2026-10-09,no
MO,2016,mo_public_mh_budget,M,No verified Macau mental health budget line located; the health bureau total is not a mental health budget,"S10,S11",Look for itemised special programmes and subsidies in the final accounts,maintainer,2026-10-09,no
MO,2017,mo_public_mh_budget,M,No verified Macau mental health budget line located; the health bureau total is not a mental health budget,"S10,S11",Look for itemised special programmes and subsidies in the final accounts,maintainer,2026-10-09,no
MO,2018,mo_public_mh_budget,M,No verified Macau mental health budget line located; the health bureau total is not a mental health budget,"S10,S11",Look for itemised special programmes and subsidies in the final accounts,maintainer,2026-10-09,no
MO,2019,mo_public_mh_budget,M,No verified Macau mental health budget line located; the health bureau total is not a mental health budget,"S10,S11",Look for itemised special programmes and subsidies in the final accounts,maintainer,2026-10-09,no
MO,2020,mo_public_mh_budget,M,No verified Macau mental health budget line located; the health bureau total is not a mental health budget,"S10,S11",Look for itemised special programmes and subsidies in the final accounts,maintainer,2026-10-09,no
MO,2021,mo_public_mh_budget,M,No verified Macau mental health budget line located; the health bureau total is not a mental health budget,"S10,S11",Look for itemised special programmes and subsidies in the final accounts,maintainer,2026-10-09,no
MO,2022,mo_public_mh_budget,M,No verified Macau mental health budget line located; the health bureau total is not a mental health budget,"S10,S11",Look for itemised special programmes and subsidies in the final accounts,maintainer,2026-10-09,no
MO,2023,mo_public_mh_budget,M,No verified Macau mental health budget line located; the health bureau total is not a mental health budget,"S10,S11",Look for itemised special programmes and subsidies in the final accounts,maintainer,2026-10-09,no
MO,2024,mo_public_mh_budget,M,No verified Macau mental health budget line located; the health bureau total is not a mental health budget,"S10,S11",Look for itemised special programmes and subsidies in the final accounts,maintainer,2026-10-09,no
MO,2025,mo_public_mh_budget,M,No verified Macau mental health budget line located; the health bureau total is not a mental health budget,"S10,S11",Look for itemised special programmes and subsidies in the final accounts,maintainer,2026-10-09,no
MO,2026,mo_public_mh_budget,M,"Current year, not started",-,Set when the 2026 accounts are published,maintainer,2026-10-09,no
MO,2024,psychiatric_outpatient_attendances_mo,M,"Only a legislator's written question cites 50,597; government reply not verified",S22,Find the government reply; until then keep it off the site,maintainer,2026-10-09,no
MO,2025,crude_rate_denominator,L,Denominator is an approximate population; mid-year vs end-year matching not confirmed,"mdt_2024,mb_2025",Get DSEC mid-year population by year and recompute or flag,maintainer,2026-10-09,no
MO,2024,hotline_calls,L,"Statistical year of 1,475 calls not confirmed",mo_yearbook_2024,Check the yearbook table year,maintainer,2026-10-09,no
HK,2024,routine_wait_weeks,L,"Measure definition (median, percentile, window) not verified against the original table",legco_2025_10,Read the LCQ12 reply table and record the definition,maintainer,2026-10-09,no
