source_id,region,type,name,url,licence,cadence,accessed,published
csrp_2025,HK,academic,"HKU CSRP World Suicide Prevention Day press release, Sep 2025",https://csrp.hku.hk/wp-content/uploads/2025/09/WSPD2025_PressRelease_en_v2.pdf,University publication,Yearly (September),2026-09-30,2025-09
csrp_stats,HK,academic,HKU CSRP suicide statistics dashboards,https://csrp.hku.hk/statistics/,University publication; request extract,Yearly,2026-09-30,
legco_2025_10,HK,government,"LCQ12: Support for mental health, Oct 2025",https://www.info.gov.hk/gia/general/202510/22/P2025102200585.htm,Government publication,Ad hoc,2026-09-30,2025-10-22
ha_wait,HK,government,Hospital Authority psychiatry new case waiting time,https://www.ha.org.hk/visitor/sopc_waiting_time.asp?id=7&lang=ENG,Government publication,Quarterly,2026-09-30,
wmhhk_2025,HK,academic,"World Mental Health Hong Kong study (HKU), Lancet Regional Health Western Pacific 2025",https://www.sciencedirect.com/science/article/pii/S2666606525002962,Journal article,One-off,2026-09-30,
cuhk_dep_2025,HK,ngo,"Hong Kong Depression Index Survey 2025, CUHK Social Work and Mental Health Association of Hong Kong",https://www.cpr.cuhk.edu.hk/en/press/cuhk-reveals-hong-kongs-depression-and-anxiety-indices-reach-record-highs-ai-assistance-rises-to-sixth-place-over-reliance-may-delay-professional-treatment/,Press release,Yearly,2026-09-30,2026-03-05
mindhk_2025,HK,ngo,"Mind HK and Manulife Hong Kong mental health study, Sep 2025",https://www.mind.org.hk/new/press-release-nearly-half-of-hongkongers-show-signs-of-depression-anxiety-or-both-co-study-by-mind-hk-and-manulife-hong-kong-estimates/,Press release,Ad hoc,2026-09-30,2025-09-29
tsos,TW,academic,Taiwan Society of Suicidology suicide epidemiology page,https://www.tsos.org.tw/web/page/research1,Check before reuse,Yearly,2026-09-30,
tw_news_2024,TW,news,Taiwan News: Suicide returns to Taiwan's top 10 causes of death (Jun 2025),https://www.taiwannews.com.tw/news/6135879,News report of government data,Yearly (June),2026-09-30,2025-06
tw_cod_open,TW,government,"Cause of death statistics, Ministry of Health and Welfare (data.gov.tw 5965)",https://data.gov.tw/en/datasets/5965,Open Government Data License 1.0,Yearly,2026-09-30,
udn_mohw_2026,TW,news,UDN: 1.7 million people treated for mental illness in Taiwan (MOHW figures),https://money.udn.com/money/story/7307/9652507,News report of government data,Ad hoc,2026-09-30,2026
tw_gender_psy,TW,government,"Psychiatric outpatient visits per 1,000 people, Gender Equality database",https://www.gender.ey.gov.tw/gecdb/Stat_Statistics_DetailData.aspx?sn=nEjQfb3jDFmLyLwlriuA6Q@@,Government open data,Yearly,2026-09-30,
cwlf_2025,TW,ngo,"2025 Taiwan Adolescent Mental Health Survey, Children's Welfare League Foundation",https://www.children.org.tw/publication_research/research_report/mentalhealth2025,NGO report,Yearly,2026-09-30,2025
mdt_2023,MO,news,Macau Daily Times: Suicides rose to 88 in 2023,https://macaudailytimes.com.mo/suicides-rose-to-88-in-2023.html,News report of government data,Quarterly,2026-09-30,2024-01
mb_2025,MO,news,Macau Business: Deaths by suicide in Macau fall through March following 2025 record (2026),https://macaubusiness.com/deaths-by-suicide-in-macau-fall-through-march-following-2025-record/,News report of government data,Quarterly,2026-09-30,2026
ssm_2024q3,MO,government,"Health Bureau suicide surveillance, Q3 2024",https://www.gov.mo/zh-hant/news/1111908/,Government publication,Quarterly,2026-09-30,2024-12-12
mo_yearbook_2024,MO,government,"Macao Yearbook 2024, health and social welfare chapter",https://yearbook.gcs.gov.mo/yearbook_pdf/2024/myb2024cPA01CH17.pdf,Government publication,Yearly,2026-09-30,
mo_youth_2024,MO,ngo,Macau Youth Indicators 2024 social survey (DSEDJ),https://portal.dsedj.gov.mo/webdsejspace/addon/upload/Upload_viewfile_page.jsp?id=703326,Government-commissioned report,Periodic,2026-09-30,
usj_students_2023,MO,academic,"Macau secondary student mental health survey 2023, Saint Joseph University for the Macau Chinese Students' Union",https://aecm.org.mo/%E3%80%90%E6%8E%A8%E4%BB%8B%E3%80%91%E6%BE%B3%E9%96%80%E4%B8%AD%E5%AD%B8%E7%94%9F%E7%B2%BE%E7%A5%9E%E5%81%A5%E5%BA%B7%E7%8F%BE%E6%B3%81%E8%AA%BF%E6%9F%A52023/,NGO report,One-off,2026-09-30,2023-12-13
csrp_2024,HK,academic,"HKU CSRP World Suicide Prevention Day press release, Sep 2024",https://csrp.hku.hk/wp-content/uploads/2024/09/WSPD2024_PressRelease_en.pdf,University publication,Yearly (September),2026-09-30,2024-09
csrp_2016,HK,academic,"HKU CSRP press release on 2015 suicide figures, Sep 2016",https://www.hku.hk/press/press-releases/detail/15136.html,University publication,Yearly (September),2026-09-30,2016-09-09
csrp_2018,HK,academic,"HKU CSRP press release on 2017 suicide figures, Sep 2018",https://lead.hku.hk/en/article/2018/09/working-together-to-prevent-suicide-the-hku-centre-for-suicide-research-and-prevention-releases-the-latest-figures-and-prevention-recommendations-on-suicide/,University publication,Yearly (September),2026-09-30,2018-09-10
csrp_2021,HK,academic,"HKU CSRP press release on 2020 suicide figures, Sep 2021",https://lead.hku.hk/en/article/2021/09/light-up-create-hope-through-action-hku-csrp-centre-for-suicide-research-and-prevention-releases-the-latest-suicide-figures-and-prevention-recommendations,University publication,Yearly (September),2026-09-30,2021-09-10
csrp_2022,HK,academic,"HKU CSRP press release on 2021 suicide figures, Sep 2022",https://lead.hku.hk/en/article/2022/09/moving-forward-together-hku-csrp-centre-for-suicide-research-and-prevention-releases-the-latest-figures-and-prevention-recommendations-on-suicide,University publication,Yearly (September),2026-09-30,2022-09-10
scmp_2025,HK,news,SCMP: Hong Kong's estimated suicide rate rose last year (10 Sep 2025),https://www.scmp.com/news/hong-kong/health-environment/article/3325056/hong-kongs-estimated-suicide-rate-rose-last-year-who-was-most-risk-and-why,News report,One-off,2026-09-30,2025-09-10
hkfp_2022,HK,news,"HKFP: Covid-19, Hong Kong suicides reach 'crisis' level (30 Mar 2022)",https://hongkongfp.com/2022/03/30/covid-19-hong-kong-suicides-reach-crisis-level-as-researcher-urges-reopening-recreational-facilities-for-mental-health/,News report,One-off,2026-09-30,2022-03-30
hkspd,HK,news,"Hong Kong Suicide Press Database (HKSPD), a database of suicide news reports",https://hkspd.siuyeong.com/,Research project; check before reuse,Continuous,2026-09-30,
mohw_suicide,TW,government,MOHW national suicide death and attempt notification statistics (全國自殺死亡資料統計),https://www.mohw.gov.tw/dl-97061-906ba22d-1642-4daa-9d42-675279ac78e6.html,Government publication,Yearly,2026-09-30,
mohw_domhaoh,TW,government,MOHW Department of Mental Health: suicide death and notification statistics page,https://dep.mohw.gov.tw/DOMHAOH/cp-4904-8883-107.html,Government publication,Yearly,2026-09-30,
ssm_2023q4,MO,government,"Health Bureau suicide surveillance, Q4 2023",https://www.gcs.gov.mo/news/detail/zh-hant/N24AcKO3Vr,Government publication,Quarterly,2026-09-30,2024-01-29
ssm_2024q1,MO,government,"Health Bureau suicide surveillance, Q1 2024",https://www.gcs.gov.mo/news/detail/zh-hant/N24Ec0Ae5d,Government publication,Quarterly,2026-09-30,2024-05-29
ssm_2024q2,MO,government,"Health Bureau suicide surveillance, Q2 2024",https://www.gov.mo/zh-hant/news/1079404/,Government publication,Quarterly,2026-09-30,2024-07-30
ucanews_2024,MO,news,UCA News: Surge in suicides sparks alarm in Macau (Jan 2024),https://www.ucanews.com/news/surge-in-suicides-sparks-alarm-in-macau/104021,News report,One-off,2026-09-30,2024-01
mpd_2025,MO,news,Macau Post Daily: Macau logs 25 suicides in Q4 last year (18 Feb 2025),https://www.macaupostdaily.com/news/24097,News report,One-off,2026-09-30,2025-02-18
mdt_2022q4,MO,news,Macau Daily Times: Health Bureau registers fewer suicides last quarter (Q4 2022),https://macaudailytimes.com.mo/health-bureau-registers-less-suicides-last-quarter.html,News report,One-off,2026-09-30,2023-01
mdt_2024,MO,news,Macau Daily Times: Suicide rates in 2024 reach new record high,https://macaudailytimes.com.mo/suicide-rates-in-2024-reach-new-record-high-with-2-3-y-o-y-increase.html,News report,One-off,2026-09-30,2025-02
