region,year,sex,age_group,measure,value,unit,estimate,source_id,note,note_zh
HK,2003,all,all,crude_rate,18.6,per 100000,no,hkfp_2022,"SARS year peak; about 1,200 deaths","沙士年份高峰；約 1,200 人死亡"
HK,2015,all,all,crude_rate,12.6,per 100000,no,csrp_2016,,
HK,2015,all,all,age_std_rate,9.3,per 100000,no,csrp_2016,,
HK,2016,all,all,crude_rate,12.5,per 100000,no,csrp_2018,,
HK,2017,all,all,crude_rate,12.4,per 100000,no,csrp_2018,CSRP 2024 release cites 13.0 for 2017,防止自殺研究中心 2024 年新聞稿引述 2017 年為 13.0
HK,2017,all,all,age_std_rate,9.5,per 100000,no,csrp_2018,,
HK,2019,all,all,crude_rate,13.1,per 100000,no,csrp_2021,,
HK,2020,all,all,crude_rate,12.1,per 100000,no,csrp_2021,,
HK,2020,all,all,age_std_rate,9.1,per 100000,no,csrp_2021,,
HK,2021,all,all,crude_rate,12.3,per 100000,no,csrp_2022,,
HK,2021,all,all,age_std_rate,9.0,per 100000,no,csrp_2022,,
HK,2023,all,all,crude_rate,13.5,per 100000,no,csrp_2025,CSRP 2024 release gave 13.6,防止自殺研究中心 2024 年新聞稿為 13.6
HK,2024,all,all,crude_rate,13.8,per 100000,no,csrp_2026,Revised estimate; the Sep 2025 release gave 14.1,修訂估算；2025 年 9 月新聞稿為 14.1
HK,2024,all,all,age_std_rate,10.6,per 100000,no,csrp_2025,,
HK,2020,male,all,crude_rate,16.3,per 100000,no,csrp_2021,,
HK,2020,female,all,crude_rate,8.6,per 100000,no,csrp_2021,,
HK,2021,male,all,crude_rate,16.8,per 100000,no,csrp_2022,,
HK,2021,female,all,crude_rate,8.5,per 100000,no,csrp_2022,,
HK,2008,all,60+,crude_rate,27.1,per 100000,no,csrp_2018,,
HK,2016,all,60+,crude_rate,21.0,per 100000,no,csrp_2018,,
HK,2020,male,60+,crude_rate,24.5,per 100000,no,csrp_2021,,
HK,2020,female,60+,crude_rate,15.3,per 100000,no,csrp_2021,,
HK,2021,male,60+,crude_rate,27.3,per 100000,no,csrp_2022,,
HK,2021,female,60+,crude_rate,14.6,per 100000,no,csrp_2022,,
HK,2012,all,15-24,crude_rate,8.3,per 100000,no,csrp_2018,,
HK,2014,all,15-24,crude_rate,6.2,per 100000,no,csrp_2016,,
HK,2015,all,15-24,crude_rate,8.5,per 100000,no,csrp_2016,,
HK,2016,all,15-24,crude_rate,9.5,per 100000,no,csrp_2018,,
HK,2020,all,15-24,crude_rate,8.2,per 100000,no,csrp_2021,,
HK,2021,all,15-24,crude_rate,9.3,per 100000,no,csrp_2022,,
HK,2021,all,under 15,crude_rate,1.7,per 100000,no,csrp_2022,,
HK,2021,male,25-39,crude_rate,10.0,per 100000,no,csrp_2025,,
HK,2024,male,25-39,crude_rate,14.4,per 100000,no,csrp_2025,SCMP reports 23.0 for this group,南華早報報道此組別為 23.0
HK,2023,male,25-39,crude_rate,17.9,per 100000,no,scmp_2025,Differs from CSRP release,與防止自殺研究中心新聞稿數字不同
HK,2024,male,25-39,crude_rate,23.0,per 100000,no,scmp_2025,Differs from CSRP release,與防止自殺研究中心新聞稿數字不同
TW,2015,all,all,deaths,3675,deaths,no,mohw_suicide,,
TW,2015,all,all,crude_rate,15.7,per 100000,no,mohw_suicide,,
TW,2015,all,all,age_std_rate,12.1,per 100000,no,mohw_suicide,,
TW,2015,all,all,attempt_notifications,29914,reports,no,mohw_suicide,,
TW,2016,all,all,deaths,3765,deaths,no,mohw_suicide,,
TW,2016,all,all,crude_rate,16.0,per 100000,no,mohw_suicide,,
TW,2016,all,all,age_std_rate,12.3,per 100000,no,mohw_suicide,,
TW,2016,all,all,attempt_notifications,28996,reports,no,mohw_suicide,,
TW,2017,all,all,deaths,3871,deaths,no,mohw_suicide,,
TW,2017,all,all,crude_rate,16.4,per 100000,no,mohw_suicide,,
TW,2017,all,all,age_std_rate,12.5,per 100000,no,mohw_suicide,,
TW,2017,all,all,attempt_notifications,30427,reports,no,mohw_suicide,,
TW,2018,all,all,deaths,3865,deaths,no,mohw_suicide,,
TW,2018,all,all,crude_rate,16.4,per 100000,no,mohw_suicide,,
TW,2018,all,all,age_std_rate,12.5,per 100000,no,mohw_suicide,,
TW,2018,all,all,attempt_notifications,33577,reports,no,mohw_suicide,,
TW,2019,all,all,deaths,3864,deaths,no,mohw_suicide,,
TW,2019,all,all,crude_rate,16.4,per 100000,no,mohw_suicide,,
TW,2019,all,all,age_std_rate,12.6,per 100000,no,mohw_suicide,,
TW,2019,all,all,attempt_notifications,34889,reports,no,mohw_suicide,,
TW,2020,all,all,deaths,3656,deaths,no,mohw_suicide,,
TW,2020,all,all,crude_rate,15.5,per 100000,no,mohw_suicide,,
TW,2020,all,all,age_std_rate,11.8,per 100000,no,mohw_suicide,,
TW,2020,all,all,attempt_notifications,39765,reports,no,mohw_suicide,,
TW,2021,all,all,deaths,3585,deaths,no,mohw_suicide,,
TW,2021,all,all,crude_rate,15.3,per 100000,no,mohw_suicide,,
TW,2021,all,all,age_std_rate,11.6,per 100000,no,mohw_suicide,,
TW,2021,all,all,attempt_notifications,38296,reports,no,mohw_suicide,,
TW,2022,all,all,deaths,3787,deaths,no,mohw_suicide,,
TW,2022,all,all,crude_rate,16.2,per 100000,no,mohw_suicide,,
TW,2022,all,all,age_std_rate,12.3,per 100000,no,mohw_suicide,,
TW,2022,all,all,attempt_notifications,42381,reports,no,mohw_suicide,,
TW,2023,all,all,deaths,3898,deaths,no,mohw_suicide,,
TW,2023,all,all,crude_rate,16.7,per 100000,no,mohw_suicide,,
TW,2023,all,all,age_std_rate,12.7,per 100000,no,mohw_suicide,,
TW,2023,all,all,attempt_notifications,47735,reports,no,mohw_suicide,,
TW,2024,all,all,deaths,4062,deaths,no,mohw_suicide,,
TW,2024,all,all,crude_rate,17.4,per 100000,no,mohw_suicide,,
TW,2024,all,all,age_std_rate,13.4,per 100000,no,mohw_suicide,,
TW,2024,all,all,attempt_notifications,50801,reports,no,mohw_suicide,,
TW,2024,all,65+,crude_rate,25.5,per 100000,no,tw_news_2024,,
MO,2013,all,all,deaths,68,deaths,no,ucanews_2024,,
MO,2019,all,all,deaths,66,deaths,no,ucanews_2024,,
MO,2021,all,all,deaths,60,deaths,no,ucanews_2024,,
MO,2022,all,all,deaths,80,deaths,no,mdt_2023,,
MO,2023,all,all,deaths,88,deaths,no,mdt_2023,Sum of the four Health Bureau quarterly releases,衛生局四季公布數字之和
MO,2024,all,all,deaths,90,deaths,no,mdt_2024,Sum of the four Health Bureau quarterly releases (22+22+21+25). A May 2025 Legislative Assembly inquiry and AAMacau report 91,衛生局四季公布數字之和（22+22+21+25）。2025 年 5 月立法會質詢及論盡媒體報道為 91 宗
MO,2025,all,all,deaths,91,deaths,no,mb_2025,"Same article implies 86 for 2024, which does not match the quarterly releases",同一報道推算 2024 年為 86 宗，與季度公布數字不符
MO,2022,all,all,crude_rate,11.9,per 100000,yes,mdt_2023,"Deaths / population of about 672,000","死亡人數 ÷ 人口約 672,000"
MO,2023,all,all,crude_rate,12.9,per 100000,yes,mdt_2023,"Deaths / population of about 684,000","死亡人數 ÷ 人口約 684,000"
MO,2024,all,all,crude_rate,13.1,per 100000,yes,mdt_2024,"Deaths / population of about 688,000","死亡人數 ÷ 人口約 688,000"
MO,2025,all,all,crude_rate,13.2,per 100000,yes,mb_2025,"Deaths / DSEC end-2025 population of 688,900","死亡人數 ÷ 統計暨普查局 2025 年底人口 688,900"
MO,2023,male,all,deaths,57,deaths,no,mdt_2023,,
HK,2018,all,all,crude_rate,12.2,per 100000,no,csrp_2019,Estimated by CSRP,防止自殺研究中心估算
HK,2022,all,all,crude_rate,14.5,per 100000,no,csrp_2023,,
HK,2022,all,all,age_std_rate,10.6,per 100000,no,csrp_2023,,
HK,2025,all,all,crude_rate,13.0,per 100000,no,csrp_2026,Estimated by CSRP (13.01),防止自殺研究中心估算（13.01）
HK,2025,all,all,age_std_rate,9.8,per 100000,no,csrp_2026,Estimated by CSRP,防止自殺研究中心估算
HK,2018,all,15-24,crude_rate,9.5,per 100000,no,csrp_2019,Estimated by CSRP,防止自殺研究中心估算
HK,2022,all,15-24,crude_rate,12.2,per 100000,no,csrp_2023,Highest in the CSRP youth series from 2014,防止自殺研究中心 2014 年起青年數列中的最高值
HK,2024,all,15-24,crude_rate,11.7,per 100000,no,koreatimes_2026,Reported from HKU centre data,報道引用港大中心數據
TW,2025,all,all,deaths,3951,deaths,no,mohw_cod_2025,111 fewer than 2024,較 2024 年減少 111 人
TW,2025,all,all,crude_rate,16.9,per 100000,no,mohw_cod_2025,,
MO,2015,all,all,deaths,62,deaths,no,gcs_2016,53 were Macau residents,其中 53 人為澳門居民
MO,2015,all,all,crude_rate,9.6,per 100000,no,gcs_2016,,
MO,2016,all,all,deaths,63,deaths,no,bastille_2017,52 were Macau residents,其中 52 人為澳門居民
MO,2016,all,all,crude_rate,9.7,per 100000,no,bastille_2017,,
MO,2020,all,all,deaths,76,deaths,no,govmo_2021,,
MO,2020,all,all,crude_rate,11.1,per 100000,no,govmo_2021,,
TW,2015,all,15-19,crude_rate,2.8,per 100000,no,mohw_cod_113,,
TW,2015,all,20-24,crude_rate,8.8,per 100000,no,mohw_cod_113,,
TW,2015,all,25-29,crude_rate,12.3,per 100000,no,mohw_cod_113,,
TW,2015,all,30-34,crude_rate,15.2,per 100000,no,mohw_cod_113,,
TW,2015,all,35-39,crude_rate,17.3,per 100000,no,mohw_cod_113,,
TW,2015,all,40-44,crude_rate,18.5,per 100000,no,mohw_cod_113,,
TW,2015,all,45-49,crude_rate,21.6,per 100000,no,mohw_cod_113,,
TW,2015,all,50-54,crude_rate,18.2,per 100000,no,mohw_cod_113,,
TW,2015,all,55-59,crude_rate,20.3,per 100000,no,mohw_cod_113,,
TW,2015,all,60-64,crude_rate,22.6,per 100000,no,mohw_cod_113,,
TW,2015,all,65+,crude_rate,31.2,per 100000,no,mohw_cod_113,,
TW,2015,all,65-69,crude_rate,23.5,per 100000,no,mohw_cod_113,,
TW,2015,all,70-74,crude_rate,27.4,per 100000,no,mohw_cod_113,,
TW,2015,all,75-79,crude_rate,36.3,per 100000,no,mohw_cod_113,,
TW,2015,all,80-84,crude_rate,42.2,per 100000,no,mohw_cod_113,,
TW,2015,all,85+,crude_rate,39.2,per 100000,no,mohw_cod_113,,
TW,2016,all,15-19,crude_rate,3.8,per 100000,no,mohw_cod_113,,
TW,2016,all,20-24,crude_rate,9.5,per 100000,no,mohw_cod_113,,
TW,2016,all,25-29,crude_rate,11.7,per 100000,no,mohw_cod_113,,
TW,2016,all,30-34,crude_rate,15.6,per 100000,no,mohw_cod_113,,
TW,2016,all,35-39,crude_rate,17.9,per 100000,no,mohw_cod_113,,
TW,2016,all,40-44,crude_rate,18.6,per 100000,no,mohw_cod_113,,
TW,2016,all,45-49,crude_rate,18.0,per 100000,no,mohw_cod_113,,
TW,2016,all,50-54,crude_rate,20.9,per 100000,no,mohw_cod_113,,
TW,2016,all,55-59,crude_rate,21.0,per 100000,no,mohw_cod_113,,
TW,2016,all,60-64,crude_rate,20.4,per 100000,no,mohw_cod_113,,
TW,2016,all,65+,crude_rate,32.3,per 100000,no,mohw_cod_113,,
TW,2016,all,65-69,crude_rate,23.6,per 100000,no,mohw_cod_113,,
TW,2016,all,70-74,crude_rate,32.0,per 100000,no,mohw_cod_113,,
TW,2016,all,75-79,crude_rate,36.5,per 100000,no,mohw_cod_113,,
TW,2016,all,80-84,crude_rate,41.4,per 100000,no,mohw_cod_113,,
TW,2016,all,85+,crude_rate,42.1,per 100000,no,mohw_cod_113,,
TW,2017,all,15-19,crude_rate,4.1,per 100000,no,mohw_cod_113,,
TW,2017,all,20-24,crude_rate,8.4,per 100000,no,mohw_cod_113,,
TW,2017,all,25-29,crude_rate,13.3,per 100000,no,mohw_cod_113,,
TW,2017,all,30-34,crude_rate,16.4,per 100000,no,mohw_cod_113,,
TW,2017,all,35-39,crude_rate,17.9,per 100000,no,mohw_cod_113,,
TW,2017,all,40-44,crude_rate,18.3,per 100000,no,mohw_cod_113,,
TW,2017,all,45-49,crude_rate,20.1,per 100000,no,mohw_cod_113,,
TW,2017,all,50-54,crude_rate,20.8,per 100000,no,mohw_cod_113,,
TW,2017,all,55-59,crude_rate,21.1,per 100000,no,mohw_cod_113,,
TW,2017,all,60-64,crude_rate,22.7,per 100000,no,mohw_cod_113,,
TW,2017,all,65+,crude_rate,31.1,per 100000,no,mohw_cod_113,,
TW,2017,all,65-69,crude_rate,23.2,per 100000,no,mohw_cod_113,,
TW,2017,all,70-74,crude_rate,30.1,per 100000,no,mohw_cod_113,,
TW,2017,all,75-79,crude_rate,36.0,per 100000,no,mohw_cod_113,,
TW,2017,all,80-84,crude_rate,40.7,per 100000,no,mohw_cod_113,,
TW,2017,all,85+,crude_rate,40.3,per 100000,no,mohw_cod_113,,
TW,2018,all,15-19,crude_rate,4.4,per 100000,no,mohw_cod_113,,
TW,2018,all,20-24,crude_rate,9.5,per 100000,no,mohw_cod_113,,
TW,2018,all,25-29,crude_rate,12.6,per 100000,no,mohw_cod_113,,
TW,2018,all,30-34,crude_rate,16.2,per 100000,no,mohw_cod_113,,
TW,2018,all,35-39,crude_rate,16.8,per 100000,no,mohw_cod_113,,
TW,2018,all,40-44,crude_rate,19.6,per 100000,no,mohw_cod_113,,
TW,2018,all,45-49,crude_rate,20.3,per 100000,no,mohw_cod_113,,
TW,2018,all,50-54,crude_rate,21.0,per 100000,no,mohw_cod_113,,
TW,2018,all,55-59,crude_rate,22.3,per 100000,no,mohw_cod_113,,
TW,2018,all,60-64,crude_rate,22.2,per 100000,no,mohw_cod_113,,
TW,2018,all,65+,crude_rate,28.4,per 100000,no,mohw_cod_113,,
TW,2018,all,65-69,crude_rate,22.0,per 100000,no,mohw_cod_113,,
TW,2018,all,70-74,crude_rate,23.7,per 100000,no,mohw_cod_113,,
TW,2018,all,75-79,crude_rate,36.4,per 100000,no,mohw_cod_113,,
TW,2018,all,80-84,crude_rate,37.4,per 100000,no,mohw_cod_113,,
TW,2018,all,85+,crude_rate,36.6,per 100000,no,mohw_cod_113,,
TW,2019,all,15-19,crude_rate,6.2,per 100000,no,mohw_cod_113,,
TW,2019,all,20-24,crude_rate,11.5,per 100000,no,mohw_cod_113,,
TW,2019,all,25-29,crude_rate,12.4,per 100000,no,mohw_cod_113,,
TW,2019,all,30-34,crude_rate,16.2,per 100000,no,mohw_cod_113,,
TW,2019,all,35-39,crude_rate,16.9,per 100000,no,mohw_cod_113,,
TW,2019,all,40-44,crude_rate,18.5,per 100000,no,mohw_cod_113,,
TW,2019,all,45-49,crude_rate,21.1,per 100000,no,mohw_cod_113,,
TW,2019,all,50-54,crude_rate,21.9,per 100000,no,mohw_cod_113,,
TW,2019,all,55-59,crude_rate,21.3,per 100000,no,mohw_cod_113,,
TW,2019,all,60-64,crude_rate,19.5,per 100000,no,mohw_cod_113,,
TW,2019,all,65+,crude_rate,27.2,per 100000,no,mohw_cod_113,,
TW,2019,all,65-69,crude_rate,21.1,per 100000,no,mohw_cod_113,,
TW,2019,all,70-74,crude_rate,26.4,per 100000,no,mohw_cod_113,,
TW,2019,all,75-79,crude_rate,32.9,per 100000,no,mohw_cod_113,,
TW,2019,all,80-84,crude_rate,34.7,per 100000,no,mohw_cod_113,,
TW,2019,all,85+,crude_rate,32.4,per 100000,no,mohw_cod_113,,
TW,2020,all,15-19,crude_rate,5.8,per 100000,no,mohw_cod_113,,
TW,2020,all,20-24,crude_rate,11.2,per 100000,no,mohw_cod_113,,
TW,2020,all,25-29,crude_rate,14.0,per 100000,no,mohw_cod_113,,
TW,2020,all,30-34,crude_rate,14.5,per 100000,no,mohw_cod_113,,
TW,2020,all,35-39,crude_rate,15.8,per 100000,no,mohw_cod_113,,
TW,2020,all,40-44,crude_rate,15.5,per 100000,no,mohw_cod_113,,
TW,2020,all,45-49,crude_rate,16.7,per 100000,no,mohw_cod_113,,
TW,2020,all,50-54,crude_rate,20.5,per 100000,no,mohw_cod_113,,
TW,2020,all,55-59,crude_rate,19.8,per 100000,no,mohw_cod_113,,
TW,2020,all,60-64,crude_rate,18.8,per 100000,no,mohw_cod_113,,
TW,2020,all,65+,crude_rate,26.6,per 100000,no,mohw_cod_113,,
TW,2020,all,65-69,crude_rate,19.2,per 100000,no,mohw_cod_113,,
TW,2020,all,70-74,crude_rate,25.3,per 100000,no,mohw_cod_113,,
TW,2020,all,75-79,crude_rate,31.2,per 100000,no,mohw_cod_113,,
TW,2020,all,80-84,crude_rate,32.6,per 100000,no,mohw_cod_113,,
TW,2020,all,85+,crude_rate,42.7,per 100000,no,mohw_cod_113,,
TW,2021,all,15-19,crude_rate,4.5,per 100000,no,mohw_cod_113,,
TW,2021,all,20-24,crude_rate,13.4,per 100000,no,mohw_cod_113,,
TW,2021,all,25-29,crude_rate,15.1,per 100000,no,mohw_cod_113,,
TW,2021,all,30-34,crude_rate,16.0,per 100000,no,mohw_cod_113,,
TW,2021,all,35-39,crude_rate,13.6,per 100000,no,mohw_cod_113,,
TW,2021,all,40-44,crude_rate,13.6,per 100000,no,mohw_cod_113,,
TW,2021,all,45-49,crude_rate,16.2,per 100000,no,mohw_cod_113,,
TW,2021,all,50-54,crude_rate,18.2,per 100000,no,mohw_cod_113,,
TW,2021,all,55-59,crude_rate,16.9,per 100000,no,mohw_cod_113,,
TW,2021,all,60-64,crude_rate,18.9,per 100000,no,mohw_cod_113,,
TW,2021,all,65+,crude_rate,27.6,per 100000,no,mohw_cod_113,,
TW,2021,all,65-69,crude_rate,21.3,per 100000,no,mohw_cod_113,,
TW,2021,all,70-74,crude_rate,25.9,per 100000,no,mohw_cod_113,,
TW,2021,all,75-79,crude_rate,31.8,per 100000,no,mohw_cod_113,,
TW,2021,all,80-84,crude_rate,36.9,per 100000,no,mohw_cod_113,,
TW,2021,all,85+,crude_rate,37.6,per 100000,no,mohw_cod_113,,
TW,2022,all,15-19,crude_rate,5.4,per 100000,no,mohw_cod_113,,
TW,2022,all,20-24,crude_rate,14.9,per 100000,no,mohw_cod_113,,
TW,2022,all,25-29,crude_rate,15.8,per 100000,no,mohw_cod_113,,
TW,2022,all,30-34,crude_rate,16.1,per 100000,no,mohw_cod_113,,
TW,2022,all,35-39,crude_rate,16.6,per 100000,no,mohw_cod_113,,
TW,2022,all,40-44,crude_rate,15.2,per 100000,no,mohw_cod_113,,
TW,2022,all,45-49,crude_rate,16.3,per 100000,no,mohw_cod_113,,
TW,2022,all,50-54,crude_rate,17.6,per 100000,no,mohw_cod_113,,
TW,2022,all,55-59,crude_rate,18.0,per 100000,no,mohw_cod_113,,
TW,2022,all,60-64,crude_rate,19.9,per 100000,no,mohw_cod_113,,
TW,2022,all,65+,crude_rate,28.4,per 100000,no,mohw_cod_113,,
TW,2022,all,65-69,crude_rate,20.4,per 100000,no,mohw_cod_113,,
TW,2022,all,70-74,crude_rate,25.7,per 100000,no,mohw_cod_113,,
TW,2022,all,75-79,crude_rate,33.0,per 100000,no,mohw_cod_113,,
TW,2022,all,80-84,crude_rate,40.9,per 100000,no,mohw_cod_113,,
TW,2022,all,85+,crude_rate,43.0,per 100000,no,mohw_cod_113,,
TW,2023,all,15-19,crude_rate,7.0,per 100000,no,mohw_cod_113,,
TW,2023,all,20-24,crude_rate,14.1,per 100000,no,mohw_cod_113,,
TW,2023,all,25-29,crude_rate,17.2,per 100000,no,mohw_cod_113,,
TW,2023,all,30-34,crude_rate,16.4,per 100000,no,mohw_cod_113,,
TW,2023,all,35-39,crude_rate,16.0,per 100000,no,mohw_cod_113,,
TW,2023,all,40-44,crude_rate,17.0,per 100000,no,mohw_cod_113,,
TW,2023,all,45-49,crude_rate,16.5,per 100000,no,mohw_cod_113,,
TW,2023,all,50-54,crude_rate,20.5,per 100000,no,mohw_cod_113,,
TW,2023,all,55-59,crude_rate,20.2,per 100000,no,mohw_cod_113,,
TW,2023,all,60-64,crude_rate,18.2,per 100000,no,mohw_cod_113,,
TW,2023,all,65+,crude_rate,27.0,per 100000,no,mohw_cod_113,,
TW,2023,all,65-69,crude_rate,20.1,per 100000,no,mohw_cod_113,,
TW,2023,all,70-74,crude_rate,24.3,per 100000,no,mohw_cod_113,,
TW,2023,all,75-79,crude_rate,32.0,per 100000,no,mohw_cod_113,,
TW,2023,all,80-84,crude_rate,42.1,per 100000,no,mohw_cod_113,,
TW,2023,all,85+,crude_rate,34.5,per 100000,no,mohw_cod_113,,
TW,2024,all,15-19,crude_rate,9.2,per 100000,no,mohw_cod_113,,
TW,2024,all,20-24,crude_rate,14.0,per 100000,no,mohw_cod_113,,
TW,2024,all,25-29,crude_rate,18.7,per 100000,no,mohw_cod_113,,
TW,2024,all,30-34,crude_rate,16.5,per 100000,no,mohw_cod_113,,
TW,2024,all,35-39,crude_rate,19.6,per 100000,no,mohw_cod_113,,
TW,2024,all,40-44,crude_rate,19.0,per 100000,no,mohw_cod_113,,
TW,2024,all,45-49,crude_rate,18.3,per 100000,no,mohw_cod_113,,
TW,2024,all,50-54,crude_rate,18.3,per 100000,no,mohw_cod_113,,
TW,2024,all,55-59,crude_rate,20.9,per 100000,no,mohw_cod_113,,
TW,2024,all,60-64,crude_rate,20.6,per 100000,no,mohw_cod_113,,
TW,2024,all,65-69,crude_rate,21.5,per 100000,no,mohw_cod_113,,
TW,2024,all,70-74,crude_rate,23.7,per 100000,no,mohw_cod_113,,
TW,2024,all,75-79,crude_rate,28.0,per 100000,no,mohw_cod_113,,
TW,2024,all,80-84,crude_rate,36.0,per 100000,no,mohw_cod_113,,
TW,2024,all,85+,crude_rate,29.2,per 100000,no,mohw_cod_113,,
TW,2024,male,all,deaths,2567,deaths,no,mohw_cod_113,,
TW,2024,female,all,deaths,1495,deaths,no,mohw_cod_113,,
TW,2024,male,all,crude_rate,22.2,per 100000,no,mohw_cod_113,,
TW,2024,female,all,crude_rate,12.6,per 100000,no,mohw_cod_113,,
HK,2023,all,student,student_suicide_deaths,32,count,no,legco_issh22_2024,"Student suicide deaths; the highest in at least 10 years. Students are a small population; year-to-year counts are unstable. Interpret with care.","學生自殺死亡人數；為至少 10 年高位。學生人口基數小，逐年數字波動大，請謹慎解讀。"
